{"cameraMode":{"drawMode":0,"name":"Shaded","section":"Shading Mode"},"sceneLighting":true,"audioPlay":false,"sceneViewState":{"showFog":true,"showMaterialUpdate":true,"showSkybox":true,"showFlares":true,"showImageEffects":false,"showParticleSystems":true},"in2DMode":false,"pivot":{"x":0.04018230363726616,"y":0.011134631931781769,"z":0.8781455159187317},"rotation":{"x":-0.03180095553398132,"y":-0.017395146191120149,"z":0.0005533251096494496,"w":-0.9993427395820618},"size":1.0259673595428467,"orthographic":false}