{"cameraMode":{"drawMode":0,"name":"Shaded","section":"Shading Mode"},"sceneLighting":false,"audioPlay":false,"sceneViewState":{"showFog":true,"showMaterialUpdate":true,"showSkybox":true,"showFlares":true,"showImageEffects":false,"showParticleSystems":true},"in2DMode":false,"pivot":{"x":-0.44279757142066958,"y":-0.0353187620639801,"z":0.06047332286834717},"rotation":{"x":0.23455344140529633,"y":0.06555404514074326,"z":-0.015855280682444574,"w":0.9697608351707459},"size":0.659999668598175,"orthographic":false}